0,iPhone客户端
1,微博 weibo.com
2,红包活动
3,无
4,微博国际版
5,Android
6,HUAWEI P30
7,Android客户端
8,超话
9,HUAWEI P30 Pro
10,iPhone
11,360安全浏览器
12,红米Redmi
13,iPhone X
14,HUAWEI P20
15,华为手机 畅享玩不停
16,OPPO智能手机
17,nova5Pro人像超级夜景
18,vivo智能手机
19,HUAWEI P20 Pro
20,搜狗高速浏览器
21,HUAWEI Mate 20
22,HUAWEI nova 3
23,HUAWEI Mate 20 Pro
24,Share微博客户端
25,微博 HTML5 版
26,iPhone 11
27,前后2000万 OPPO R11
28,小米8周年旗舰手机
29,绿洲APP
30,OPPO超视野全面屏R15
31,nova4自拍极点全面屏
32,荣耀10 AI变色更潮美
33,生日动态
34,iPhone 8 Plus
35,iPhone 7 Plus
36,iPhone XS Max
37,荣耀8X
38,iPhone XR
39,OPPO随光而变R17
40,小米9
41,微博视频
42,OPPO R9s
43,HUAWEI Mate30 Pro 5G
44,前置双摄vivo X9
45,微博云剪
46,HUAWEI nova 2s
47,HUAWEI Mate 9
48,华为手机
49,微博品牌活动
50,iPhone 7
51,小米手机4
52,荣耀20
53,vivo X20全面屏手机
54,HUAWEI Mate 10
55,vivo AI智慧拍照X21
56,荣耀V20 4800万3D相机
57,前后2000万 OPPO R11s
58,小米6X 拍人更美
59,iPhone 6s
60,皮皮时光机
61,iPhone 8
62,小米6 拍人更美
63,荣耀V10 我AI的快
64,OPPO Reno
65,HUAWEI Mate 30 5G
66,HUAWEI nova 2 Plus
67,荣耀9 美得有声有色
68,HUAWEI Mate 30
69,iPhone 11 Pro Max
70,OPPO R9
71,HUAWEI P10
72,台网互动
73,荣耀7X 全面屏手机
74,HUAWEI Mate 10 Pro
75,iPhone XS
76,nova4e 3200W立体美颜
77,三星android智能手机
78,熊猫守护者
79,HUAWEI nova 3i
80,荣耀手机 勇敢做自己
81,微公益
82,荣耀8 美得与众不同
83,全屏双摄 OPPO A5
84,华为P9手机摄影再突破
85,学习强国客户端
86,iPhone 6s Plus
87,HUAWEI nova 3e
88,OPPO R15 梦镜版
89,即刻笔记
90,微博体育
91,荣耀 9X
92,朱一龙的小笼包
93,微博会员中心
94,vivo X23 AI非凡摄影
95,UC浏览器
96,HUAWEI P10 Plus
97,LOFTER客户端
98,荣耀20 PRO
99,iPad客户端
100,vivo X23全息幻彩
101,阴阳师
102,小米8 SE
103,小米Note 3 拍人更美
104,荣耀10青春版
105,Weico.Android
106,小米MIX2S 全面屏
107,HUAWEI Mate 30 Pro
108,iPhone 11 Pro
109,前置双摄vivo X9s
110,Redmi K20 Pro 真旗舰
111,HUAWEI Mate 20 X
112,vivo X27
113,新浪新闻客户端
114,微博搜索
115,Redmi Note 7 Pro
116,红米Note7 4800万相机
117,荣耀V9 我想要的快
118,nova5i 2400万AI四摄
119,小米8青春版 潮流旗舰
120,平台测试
121,vivo 全新水滴屏手机
122,荣耀20i
123,小米MIX 2 全面屏手机
124,专业版微博
125,荣耀9i 千元潮美旗舰
126,OPPO Reno3 Pro 5G
127,千玺的千纸鹤
128,Redmi Note 8 Pro四摄
129,小米5X 拍人更美
130,荣耀Play 让快更快
131,OnePlus 7 Pro
132,Redmi K30 全速热爱
133,蔡徐坤的ikun
134,明星势力榜
135,快手
136,分享按钮
137,HUAWEI Mate 8
138,nova6 5G自拍大不一样
139,朱一龙超话
140,OPPO A9
141,OPPO A7x
142,网易云音乐
143,柔光自拍vivo X7
144,荣耀20S
145,魅族 16 旗舰手机
146,AI实力派 vivo Z1
147,小米9 SE
148,vivo X27 4800万三摄
149,HUAWEI nova手机
150,微博极速版
151,HUAWEI nova 2
152,荣耀9青春版 全屏四摄
153,OPPO R11 Plus
154,荣耀8青春版 颜值担当
155,三星Galaxy S9+
156,三星 Galaxy S7 Edge
157,OPPO R15x
158,能量榜
159,vivo NEX AI智慧旗舰
160,小米手机
161,iPhone 6
162,Samsung Galaxy S8
163,小米8 屏幕指纹版
164,王俊凯的小螃蟹
165,vivo AI智慧拍照X21i
166,iPad mini4
167,荣耀Magic2 魔法手机
168,小米MIX 3 滑盖全面屏
169,OPPO Find X
170,HUAWEI nova 青春版
171,Redmi K20 Pro 尊享版
172,微博小程序
173,OnePlus 6
174,vivo智能手机客户端
175,华为麦芒5
176,nova5 人像超级夜景
177,OPPO Reno 10倍变焦版
178,nova 5i Pro
179,微博手机版
180,HUAWEI Mate 9 Pro
181,iPhone 6 Plus
182,小米Max
183,小米Max2 大屏大电量
184,义工招募超话
185,前置双摄vivo X9Plus
186,三星Galaxy S10+
187,华晨宇的歌迷
188,小米CC9
189,云岭先锋
190,华为畅享10 Plus
191,vivo Z3性能实力派
192,三星Galaxy S10
193,张艺兴的兴迷
194,荣耀8X Max
195,手机微博触屏版
196,百度App
197,荣耀V8 脱影而出
198,OPPO Reno2
199,Samsung Galaxy S8+
200,其他
